title,asin,category,rank,new+AF8-price1,new+AF8-price2
LifeStraw Personal Water Filter,B006QF3TW4,All Electronics,+ACM-2,+ACQ-19.86,+ACQ-19.93
Fujifilm INSTAX Mini Instant Film Twin Pack (White),B00EB4ADQW,All Electronics,+ACM-1,+ACQ-12.48,+ACQ-7.98
+ACI-SanDisk Ultra 32GB microSDHC UHS+AC0-I Card with Adapter, Grey/Red, Standard Packaging (SDSQUNC+AC0-032G+AC0-GN6MA)+ACI-,B010Q57T02,All Electronics,+ACM-3,+ACQ-11.74,+ACQ-12.35
+ACI-Fitbit Blaze Smart Fitness Watch, Black, Silver, Large+ACI-,B019VM3CPW,All Electronics,+ACM-98,+ACQ-196.82,+ACQ-199.95
Apple EarPods with Remote and Mic,B0097BEG1C,All Electronics,+ACM-2,+ACQ-10.30,+ACQ-10.31
+ACI-Quest Nutrition Protein Bar, Chocolate Chip Cookie Dough, 21g Protein, 2.1oz Bar, 12 Count+ACI-,B00DLDH1N2,All Electronics,+ACM-20,+ACQ-24.49,+ACQ-24.49
+ACI-Fitbit Flex Wireless Activity  Sleep Wristband, Black+ACI-,B00BGO0Q9O,All Electronics,+ACM-48,+ACQ-77.98,+ACQ-79.00
Samsung 850 EVO 250GB 2.5+AC0-Inch SATA III Internal SSD (MZ+AC0-75E250B/AM),B00OAJ412U,All Electronics,+ACM-2,+ACQ-85.49,+ACQ-85.99
+ACI-SanDisk Ultra 64GB microSDXC UHS+AC0-I Card with Adapter, Grey/Red, Standard Packaging (SDSQUNC+AC0-064G+AC0-GN6MA)+ACI-,B010Q588D4,All Electronics,+ACM-1,+ACQ-13.48,+ACQ-11.00
+ACI-Western Digital 1TB My Passport Ultra USB 3.0 Secure Portable External Hard Drive, Black (WDBGPU0010BBK+AC0-NESN)+ACI-,B00W8XXRPM,All Electronics,+ACM-1,+ACQ-57.50,+ACQ-59.00
+ACI-Fitbit Alta Fitness Tracker, Silver/Black, Small+ACI-,B01B25PKB0,All Electronics,+ACM-38,+ACQ-129.00,+ACQ-129.95
Samsung 850 EVO 500GB 2.5+AC0-Inch SATA III Internal SSD (MZ+AC0-75E500B/AM),B00OBRE5UE,All Electronics,+ACM-1,+ACQ-142.99,+ACQ-142.99
+ACI-Fitbit Charge HR Wireless Activity Wristband, Black, Large+ACI-,B00N2BW2PK,All Electronics,+ACM-10,+ACQ-123.37,+ACQ-128.87
PlayStation 4 500GB Console +AC0- Call of Duty Black Ops III Bundle,B018V3ISJ2,All Electronics,+ACM-23,+ACQ-328.39,+ACQ-323.98
+ACI-Fitbit Charge HR Wireless Activity Wristband, Plum, Large+ACI-,B00N2BW9BW,All Electronics,+ACM-54,+ACQ-121.49,+ACQ-121.49
Microsoft Xbox LIVE 12 Month Gold Membership,B00EQNP8F4,Gift Cards,+ACM-54,+ACQ-48.46,+ACQ-48.46
SanDisk 32 GB micro SD Memory Card for All+AC0-New Fire Tablets and All+AC0-New Fire TV,B013TMNKAW,Amazon Devices,+ACM-1,+ACQ-8.70,+ACQ-11.87
SanDisk 64 GB micro SD Memory Card for All+AC0-New Fire Tablets and All+AC0-New Fire TV,B013TMNNDQ,Amazon Devices,+ACM-2,+ACQ-16.85,+ACQ-19.99
Amazon 5W USB Official OEM Charger and Power Adapter for Fire Tablets and Kindle eReaders,B00QL1ZN3G,Amazon Devices,+ACM-2,+ACQ-7.38,+ACQ-11.88
+ACI-CBI MLC20 Low Z XLR Microphone Cable, 20 Foot+ACI-,B000VJJQUU,Musical Instruments,+ACM-8,+ACQ-3.61,+ACQ-5.00
+ACI-Twinings English Breakfast Tea, Keurig K+AC0-Cups, 24 Count+ACI-,B002HQCWYM,Appliances,+ACM-39,+ACQ-11.99,+ACQ-14.45
Litter Genie Cat Litter Disposal System Refill Cartridge,B00AKB0N06,Pet Supplies,+ACM-82,+ACQ-21.27,+ACQ-24.00
+ACI-Diamond Naturals Dry Food for Adult Dogs, 40 Pound Bag+ACI-,B000084F1I,Pet Supplies,+ACM-20,+ACQ-32.65,+ACQ-42.51
Arm +ACY- Hammer Double Duty Clumping Litter,B004U8Z436,Pet Supplies,+ACM-18,+ACQ-13.59,+ACQ-23.92
Milk+AC0-Bone MaroSnacks Dog Treats,B003PMQMK2,Pet Supplies,+ACM-22,+ACQ-8.98,+ACQ-14.85
+ACI-Fancy Feast, 3+AC0-Ounce Cans+ACI-,B001STPJJO,Pet Supplies,+ACM-23,+ACQ-11.99,+ACQ-8.56
Weber 7107 Grill Cover with Storage Bag for Genesis Gas Grills,B00MBVDBC0,+ACI-Patio, Lawn +ACY- Garden+ACI-,+ACM-31,+ACQ-56.66,+ACQ-56.66
+ACI-Prismacolor Blender Pencil Colorless, 2+AC0-pack (962)+ACI-,B002X94T8U,+ACI-Arts, Crafts +ACY- Sewing+ACI-,+ACM-54,+ACQ-5.49,+ACQ-5.49
+ACI-Samsung Da29+AC0-00020b Refrigerator Water Filter, 1+AC0-pack+ACI-,B003N1ZSYG,Tools +ACY- Home Improvement,+ACM-10,+ACQ-39.99,+ACQ-43.86
Little Tikes 2+AC0-in+AC0-1 Snug 'n Secure Swing Blue,B003621UT4,Sports +ACY- Outdoors,+ACM-19,+ACQ-24.99,+ACQ-26.73
+ACI-Fitbit Charge HR Wireless Activity Wristband, Black, Extra Large+ACI-,B014XDVRD8,,+ACM-577,+ACQ-149.95,+ACQ-149.95
+ACI-Bounty Select+AC0-a+AC0-Size Paper Towels, White, 12 Huge Rolls+ACI-,B019DM86LA,Home +ACY- Kitchen,+ACM-2,+ACQ-28.99,+ACQ-33.45
+ACI-Fitbit Flex Wireless Activity  Sleep Wristband, Black+ACI-,B00BGO0Q9O,Cell Phones +ACY- Accessories,+ACM-48,+ACQ-77.98,+ACQ-79.00
+ACI-iClever BoostCube 4.8A 24W Dual USB Travel Wall Charger with SmartID Technology, Foldable Plug for iPhone iPad, Samsung Galaxy, HTC Nexus Moto Blackberry, Bluetooth Speaker Headset +ACY- Power Bank, White+ACI-,B00QTE09SY,Cell Phones +ACY- Accessories,+ACM-11,+ACQ-10.99,+ACQ-10.99
+ACI-iPhone 6S Screen Protector, amFilm iPhone 6S Tempered Glass Screen Protector for Apple iPhone 6, iPhone 6S 2015 (2+AC0-Pack)+ACI-,B01415QHYW,Cell Phones +ACY- Accessories,+ACM-12,+ACQ-7.99,+ACQ-8.99
+ACI-Panasonic ErgoFit In+AC0-Ear Earbud Headphones RP+AC0-HJE120+AC0-K (Black) Dynamic Crystal Clear Sound, Ergonomic Comfort+AC0-Fit+ACI-,B003EM8008,Cell Phones +ACY- Accessories,+ACM-1,+ACQ-7.63,+ACQ-7.63
+ACI-SanDisk Ultra 64GB microSDXC UHS+AC0-I Card with Adapter, Grey/Red, Standard Packaging (SDSQUNC+AC0-064G+AC0-GN6MA)+ACI-,B010Q588D4,Cell Phones +ACY- Accessories,+ACM-1,+ACQ-13.48,+ACQ-11.00
Samsung 32GB EVO Class 10 Micro SDHC Card with Adapter up to 48MB/s (MB+AC0-MP32DA/AM),B00IVPU786,Cell Phones +ACY- Accessories,+ACM-2,+ACQ-9.84,+ACQ-9.84
+ACI-SanDisk Ultra 32GB microSDHC UHS+AC0-I Card with Adapter, Grey/Red, Standard Packaging (SDSQUNC+AC0-032G+AC0-GN6MA)+ACI-,B010Q57T02,Cell Phones +ACY- Accessories,+ACM-3,+ACQ-11.74,+ACQ-12.35
+ACI-iPhone 6 Screen Protector, Maxboost+//0Awv/9AK4- +AFs-Tempered Glass+AF0- 0.2mm Ballistic Glass iPhone 6 Glass Screen Protector Work with iPhone 6 and Protective Case +AFs-Lifetime Warranty+AF0-+ACI-,B00QN1T6NM,Cell Phones +ACY- Accessories,+ACM-4,+ACQ-6.99,+ACQ-6.99
Apple EarPods with Remote and Mic,B0097BEG1C,Cell Phones +ACY- Accessories,+ACM-2,+ACQ-10.30,+ACQ-10.31
+ACI-Sargent Art 22+AC0-7251 Colored Pencils, Pack of 50, Assorted Colors+ACI-,B0027PA1AU,Home +ACY- Kitchen,+ACM-1,+ACQ-13.04,+ACQ-14.95
+ACI-Affresh Washer Machine Cleaner, 6+AC0-Tablets, 8.4 oz+ACI-,B00C91Q86I,Home +ACY- Kitchen,+ACM-2,+ACQ-10.79,+ACQ-10.68
+ACI-Brawny Pick+AC0-A+AC0-Size Paper Towels, 24 Giant Rolls+ACI-,B00WJW8PB8,Home +ACY- Kitchen,+ACM-78,+ACQ-29.99,+ACQ-29.95
+ACI-Brawny Pick+AC0-A+AC0-Size Paper Towels, 16 XL Rolls+ACI-,B0177GVX82,Home +ACY- Kitchen,+ACM-689,+ACQ-28.99,+ACQ-53.78
+ACI-Prismacolor Premier Colored Pencils, Soft Core, 48 Pack+ACI-,B00006IEEV,Home +ACY- Kitchen,+ACM-3,+ACQ-33.99,+ACQ-33.90
+ACI-Rubbermaid Easy Find Lid Food Storage Container, 42+AC0-Piece set+ACI-,B00COK3FD8,Home +ACY- Kitchen,+ACM-5,+ACQ-15.99,+ACQ-13.50
Honeywell HT+AC0-900 TurboForce Fan,B001R1RXUG,Home +ACY- Kitchen,+ACM-9,+ACQ-13.94,+ACQ-19.76
+ACI-EatSmart Precision Digital Bathroom Scale w/ Extra Large Lighted Display, 400 lb. Capacity and +ACIAIg-Step+AC0-On+ACIAIg- Technology +AFs-2016 VERSION+AF0- +AC0- 20,000 Reviews EatSmart Guaranteed Accurate+ACI-,B001KXZ808,Home +ACY- Kitchen,+ACM-39,+ACQ-22.95,+ACQ-25.95
BLACK  DECKER CHV1410L 16 volt Lithium Cordless Dust Buster Hand Vac,B006LXOJC0,Home +ACY- Kitchen,+ACM-7,+ACQ-51.99,+ACQ-59.99
+ACI-Glad ForceFlex OdorShield Tall Kitchen Drawstring Trash Bags, Fresh Clean, 13 Gallon, 68 Count+ACI-,B00ASBOPA2,Home +ACY- Kitchen,+ACM-62,+ACQ-14.98,+ACQ-16.49
+ACI-The Original Donut Shop Regular, Keurig K+AC0-Cups, 72 Count (Packaging may Vary)+ACI-,B00I08JAYG,Home +ACY- Kitchen,+ACM-8,+ACQ-40.88,+ACQ-40.99
+ACI-San Francisco Bay OneCup, Fog Chaser, 80 Single Serve Coffees+ACI-,B007Y59HVM,Home +ACY- Kitchen,+ACM-5,+ACQ-29.00,+ACQ-37.99
+ACI-Ozeri Pronto Digital Multifunction Kitchen and Food Scale, Elegant Black+ACI-,B004164SRA,Home +ACY- Kitchen,+ACM-2,+ACQ-11.26,+ACQ-13.95
+ACI-Cottonelle Flushable Cleansing Cloths Fresh Care Refill, 42 Count (Pack of 8)+ACI-,B00EDR6YB0,Home +ACY- Kitchen,+ACM-28,+ACQ-14.99,+ACQ-15.99
+ACI-Brita Water Filter Pitcher Advanced Replacement Filters, 3 Count (Packaging May Vary)+ACI-,B00004SU18,Home +ACY- Kitchen,+ACM-3,+ACQ-7.93,+ACQ-12.87
+ACI-Glad Tall Kitchen Drawstring Trash Bags, 13 Gallon, 90 Count+ACI-,B00ASBOP9S,Home +ACY- Kitchen,+ACM-16,+ACQ-14.98,+ACQ-17.58
LifeStraw Personal Water Filter,B006QF3TW4,Home +ACY- Kitchen,+ACM-2,+ACQ-19.86,+ACQ-19.93
+ACI-Energizer Cr2032 3 Volt Lithium Coin Battery, 4 Count +ACIAIg-Original Red and Back Packaging 4 On a Card As Pictured+ACIAIg-+ACI-,B00D8P5T0U,,+ACM-69,+ACQ-5.65,+ACQ-5.65
+ACI-Vita Coco Coconut Water, Peach and Mango, 11.1 Ounce (Pack of 12)+ACI-,B000LL0R92,,+ACI-+ACM-2,973+ACI-,+ACQ-15.78,+ACQ-24.00
+ACI-Scotch Long Lasting Storage Packaging Tape, 1.88 Inches x 54.6 Yards, 6 Rolls (3650+AC0-6)+ACI-,B002VPDKTA,,+ACM-222,+ACQ-12.99,+ACQ-18.57
+ACI-HALO SleepSack 100+ACU- Cotton Wearable Blanket, Sage, X+AC0-Large+ACI-,B001PGKPEY,,,+ACQ-16.42,+ACQ-18.87
+ACI-Garmin v+//0Aw//9AK0-vofit 2 Activity Tracker, Black+ACI-,B00RY1Z9NQ,,+ACM-9,+ACQ-58.00,+ACQ-57.99
Pebble Time Round 20mm Smartwatch for Apple/Android Devices +AC0- Black/Black,B015N8XR9O,,+ACM-786,+ACQ-144.25,+ACQ-144.00
+ACI-Apple Watch Sport, Space Grey Aluminum Case/Black Band, 42mm+ACI-,B00WUKULAC,,+ACM-557,+ACQ-358.88,+ACQ-359.99
+ACI-Fitbit Blaze Smart Fitness Watch, Black, Silver, Large+ACI-,B019VM3CPW,,+ACM-98,+ACQ-196.82,+ACQ-199.95
+ACI-Fitbit Flex Wireless Activity  Sleep Wristband, Slate+ACI-,B00BGO0QEO,,+ACM-216,+ACQ-77.87,+ACQ-78.91
Tile (Gen 2) +AC0- Phone Finder. Key Finder. Item Finder +AC0- 4 Pack +AC0- Save 30+ACU-,B011HT91DO,,+ACM-86,+ACQ-69.95,+ACQ-65.01
+ACI-Fitbit Charge Wireless Activity Wristband, Black, Large+ACI-,B00N2BVOUE,,+ACM-76,+ACQ-92.99,+ACQ-99.93
Garmin Vivofit Fitness Band +AC0- Black,B00HFPOXM4,,+ACM-5,+ACQ-49.99,+ACQ-49.99
+ACI-Intex Comfort Plush Elevated Dura+AC0-Beam Airbed, Bed Height 22+ACIAIg-, Queen+ACI-,B00G7H793G,Sports +ACY- Outdoors,+ACM-7,+ACQ-58.27,+ACQ-60.79
+ACI-Streamlight 85177 CR123A Lithium Batteries, 12+AC0-Pack+ACI-,B000IXCO8K,Sports +ACY- Outdoors,+ACM-4,+ACQ-18.66,+ACQ-21.09
Spalding NBA Street Basketball,B0009VELG4,Sports +ACY- Outdoors,+ACM-11,+ACQ-17.61,+ACQ-14.26
+ACI-BlenderBottle Classic Loop Top Shaker Bottle, Clear Black, 28 Ounce+ACI-,B00MVMCUK8,Sports +ACY- Outdoors,+ACM-16,+ACQ-7.99,+ACQ-8.99
LifeStraw Family 1.0 Water Purifier,B00FM9OBQS,Sports +ACY- Outdoors,+ACM-430,+ACQ-57.98,+ACQ-74.95
Sawyer Products Premium Permethrin Clothing Insect Repellent Trigger Spray,B001ANQVYU,Sports +ACY- Outdoors,+ACM-3,+ACQ-14.39,+ACQ-17.14
LifeStraw Go Water Bottle with Integrated 1000+AC0-Liter LifeStraw Filter,B00H90PFOK,Sports +ACY- Outdoors,+ACM-66,+ACQ-28.94,+ACQ-31.79
Sawyer Products Premium Insect Repellent with 20+ACU- Picaridin,B0015KG5NK,Sports +ACY- Outdoors,+ACM-1,+ACQ-8.96,+ACQ-8.97
+ACI-Fitbit Alta Fitness Tracker, Silver/Black, Small+ACI-,B01B25PKB0,Sports +ACY- Outdoors,+ACM-38,+ACQ-129.00,+ACQ-129.95
+ACI-Quest Nutrition Protein Bar, Chocolate Chip Cookie Dough, 21g Protein, 2.1oz Bar, 12 Count+ACI-,B00DLDH1N2,Sports +ACY- Outdoors,+ACM-20,+ACQ-24.49,+ACQ-24.49
+ACI-Fitbit Flex Wireless Activity  Sleep Wristband, Black+ACI-,B00BGO0Q9O,Sports +ACY- Outdoors,+ACM-48,+ACQ-77.98,+ACQ-79.00
Collectible Deluxe UV Acrylic Cap Baseball Hat Display Case +AC0- With Mirror,B001ADLMOY,Collectibles +ACY- Fine Art,+ACI-+ACM-40,549+ACI-,+ACQ-23.99,+ACQ-36.95
Upper Deck Dinosaur King TCG +AC0- Starter Deck,B001K5Y30M,Collectibles +ACY- Fine Art,+ACI-+ACM-8,936+ACI-,+ACQ-18.99,+ACQ-19.99
+ACI-NFL All NFL Teams 2015 Topps Complete Factory Set, Blue, Small+ACI-,B00WXUWC6K,Collectibles +ACY- Fine Art,+ACI-+ACM-18,102+ACI-,+ACQ-44.50,+ACQ-55.99
+ACI-MLB All MLB Teams 2015 Topps Complete Factory Set, Blue, Small+ACI-,B00WXUWCJM,Collectibles +ACY- Fine Art,+ACI-+ACM-15,985+ACI-,+ACQ-48.99,+ACQ-42.50
Baseball Card Collector Box With Over 500 Cards,B000I03DWY,Collectibles +ACY- Fine Art,+ACI-+ACM-11,546+ACI-,+ACQ-12.45,+ACQ-12.50
MiCoolker Pastoral Large Screen Fashion Leisure Phone Small Shoulder Messenger Bag Cellphone Pouch Wallet Case for iPhone 6 Plus 5S 4 Samsung Galaxy S5/S4/S3/S2,B016MWNP6U,Collectibles +ACY- Fine Art,+ACM-800,+ACQ-9.99,+ACQ-9.99
+ACI-Ultra Pro 3+AC0-Inch Baseball Album,Blue+ACI-,B000LH90XU,Collectibles +ACY- Fine Art,+ACI-+ACM-6,427+ACI-,+ACQ-8.99,+ACQ-9.98
Ultra Pro 3+AC0-Ring (D+AC0-Ring Binder) Blue Football Card Album,B00095VD4I,Collectibles +ACY- Fine Art,+ACI-+ACM-3,384+ACI-,+ACQ-12.43,+ACQ-12.43
+ACI-Car Mount, TechMatte MagGrip Air Vent Magnetic Universal Car Mount Holder for Smartphones including iPhone 6, 6S, Galaxy S7, S6 Edge +AC0- Black+ACI-,B00OJE1SG8,Automotive,+ACM-76,+ACQ-6.99,+ACQ-7.99
AmazonBasics Micro Bluetooth Speaker +AC0- Red,B00LLJ58ME,Automotive,+ACM-198,+ACQ-17.28,+ACQ-17.28
AmazonBasics Large Portable Bluetooth Speaker,B00MJEYM5O,Automotive,+ACM-135,+ACQ-54.39,+ACQ-60.43
+ACI-Anker USB Car Charger PowerDrive 2 (24W / 4.8A, 2 Ports) for iPhone 6 / 6 Plus, iPad Air 2 / mini 3, Galaxy S6 / S6 Edge and More+ACI-,B00VH84L5E,Automotive,+ACM-64,+ACQ-7.99,+ACQ-7.99
AmazonBasics Mini Bluetooth Speaker +AC0- Black,B00GUTY3DK,Automotive,+ACM-47,+ACQ-22.49,+ACQ-24.99
AmazonBasics Portable Bluetooth Speaker +AC0- Black,B00EHZYWGM,Automotive,+ACM-6,+ACQ-35.99,+ACQ-35.99
+ACI-Lightning Digital AV Adapter for iPhone 5, 5C, 5S, 6, 6 Plus / iPad Retina Display, mini, mini 2, mini 3, Air, Air 2 / iPod touch 5th Generation, 6th Generation+ACI-,B009WHV3BM,Automotive,+ACM-14,+ACQ-43.37,+ACQ-49.99
+ACI-Rain+AC0-X Weatherbeater Wiper Blade, 18+ACIAIg- (Pack of 1)+ACI-,B0009JKI6I,Automotive,+ACM-270,+ACQ-8.89,+ACQ-8.89
iOttie Easy One Touch 2 Car Mount Holder for iPhone 6s Plus 6s 5s 5c Samsung Galaxy S7 Edge S6 S5 Note 5 4,B00JRGOKQ8,Automotive,+ACM-24,+ACQ-19.95,+ACQ-19.95
+ACI-Bosch 16A ICON Wiper Blade +AC0- 16+ACIAIg- (Pack of 1)+ACI-,B005JU5TUM,Automotive,+ACM-349,+ACQ-15.52,+ACQ-16.34
+ACI-Car Charger, Maxboost 4.8A/24W 2 Smart Port Car Charger +AFs-Black+AF0- for iPhone 6S Plus 6 Plus 6 5SE 5S 5 5C 4S, Samsung Galaxy S7 S6 Edge Plus Note 5 4 S5 Tab S, LG G5 G4, HTC,Nexus 5X 6P, iPads Portable+ACI-,B00ISGCAJM,Automotive,+ACM-23,+ACQ-9.99,+ACQ-13.99
+ACI-Car Mount, Spigen+//0Awv/9AK4- +AFs-Air Vent Magnetic+AF0- Car Mount Holder +AFs-Quad Neodymium Core+AF0- Car Mount Phone Holder for Galaxy S7 S6 Edge Note 5 4 LG G5 G4 iPhone 6 6S SE Plus Nexus 5x 6P More +AC0- Black (SGP11583)+ACI-,B0109JIQ0W,Automotive,+ACM-51,+ACQ-6.99,+ACQ-6.99
+ACI-VELCRO Brand +AC0- ONE+AC0-WRAP Cable Management, Thin Self+AC0-Gripping Cable Ties: Reusable, Light Duty +AC0- 8+ACIAIg- x 1/2+ACIAIg- Ties, 100 Pack +AC0- Black+ACI-,B001E1Y5O6,Automotive,+ACM-7,+ACQ-5.99,+ACQ-8.12
+ACI-Car Mount, WizGear+//0A4v/9AIT//QCi- Universal Air Vent Magnetic Car Mount Holder, for Cell Phones and Mini Tablets with Fast Swift+AC0-SnapTM Technology, Magnetic Cell Phone Mount+ACI-,B00PGJWYJ0,Automotive,+ACM-14,+ACQ-6.99,+ACQ-7.99
Zwipes Microfiber Cleaning Cloths (48+AC0-Pack),B00ANZHG4U,Automotive,+ACM-46,+ACQ-18.00,+ACQ-43.78
LifeStraw Family 1.0 Water Purifier,B00FM9OBQS,Tools +ACY- Home Improvement,+ACM-430,+ACQ-57.98,+ACQ-74.95
SPT SF+AC0-3314MD Energy Saving DC+AC0-Motor Indoor Misting Fan with Ultrasonic Humidifier,B00CX5YYWK,Tools +ACY- Home Improvement,+ACI-+ACM-416,770+ACI-,+ACQ-87.99,+ACQ-119.95
Honeywell w/ Febreze Mini Tower Fan,B0093CPMI6,Tools +ACY- Home Improvement,+ACI-+ACM-36,493+ACI-,+ACQ-25.49,+ACQ-29.99
+ACI-SPT SF+AC0-1691C DC+AC0-Motor Drop Ceiling Fan, 16+ACIAIg-+ACI-,B00V6SADWA,Tools +ACY- Home Improvement,+ACI-+ACM-142,080+ACI-,+ACQ-135.99,+ACQ-147.50
SPT 14+AC0-Inch DC+AC0-Motor Stand Fan,B007SYOFVQ,Tools +ACY- Home Improvement,+ACI-+ACM-135,817+ACI-,+ACQ-68.18,+ACQ-64.45
SPT SF+AC0-0703 7+AC0-Inch Silent Electric Table Fan with Ionizer,B000JD5VDE,Tools +ACY- Home Improvement,+ACI-+ACM-30,159+ACI-,+ACQ-24.48,+ACQ-26.17
+ACI-Honeywell QuietSet 16+ACIAIg- Stand Fan +AC0- White+ACI-,B007I5C33W,Tools +ACY- Home Improvement,+ACI-+ACM-34,014+ACI-,+ACQ-50.99,+ACQ-57.17
+ACI-Chillout 2+AC0-Speed Personal Fan, GF+AC0-55+ACI-,B004J6B08C,Tools +ACY- Home Improvement,+ACI-+ACM-32,992+ACI-,+ACQ-16.69,+ACQ-16.70
Sawyer Products Premium Permethrin Clothing Insect Repellent Trigger Spray,B001ANQVZE,Tools +ACY- Home Improvement,+ACM-3,+ACQ-9.97,+ACQ-12.95
General Electric MWF Refrigerator Water Filter,B000AST3AK,Tools +ACY- Home Improvement,+ACM-3,+ACQ-41.99,+ACQ-42.01
+ACI-Squatty Potty The Original Bathroom Toilet Stool 7+ACIAIgAt- White+ACI-,B00ESKVN7W,Tools +ACY- Home Improvement,+ACM-63,+ACQ-24.99,+ACQ-25.71
+ACI-O'Keeffe's for Healthy Feet, Foot Cream 3.2oz+ACI-,B0002QB9NE,Tools +ACY- Home Improvement,+ACM-7,+ACQ-6.95,+ACQ-7.24
+ACI-BLACK+DECKEf/9- AF+AC0-100+AC0-3ZP 30+AC0-Feet 0.065+AC0-Inch Line String Trimmer Replacement Spool, 3+AC0-Pack+ACI-,B00004R9TL,Tools +ACY- Home Improvement,+ACM-7,+ACQ-15.88,+ACQ-14.99
Chapin 20000 1+AC0-Gallon Poly Lawn and Garden Sprayer,B000E28UQU,Tools +ACY- Home Improvement,+ACM-3,+ACQ-14.37,+ACQ-14.37
AcuRite 00613A1 Indoor Humidity Monitor,B0013BKDO8,Tools +ACY- Home Improvement,+ACM-12,+ACQ-11.61,+ACQ-11.62
+ACI-Affresh Washer Machine Cleaner, 6+AC0-Tablets, 8.4 oz+ACI-,B00C91Q86I,Tools +ACY- Home Improvement,+ACM-2,+ACQ-10.79,+ACQ-10.68
Honeywell HT+AC0-900 TurboForce Fan,B001R1RXUG,Tools +ACY- Home Improvement,+ACM-9,+ACQ-13.94,+ACQ-19.76
+ACI-InterDesign Refrigerator, Freezer and Kitchen Storage Organizer Bins, 4 Piece Set +AC0- Clear+ACI-,B0190U4T1Q,Tools +ACY- Home Improvement,+ACM-454,+ACQ-29.99,+ACQ-35.22
+ACI-VELCRO Brand +AC0- ONE+AC0-WRAP Cable Management, Thin Self+AC0-Gripping Cable Ties: Reusable, Light Duty +AC0- 8+ACIAIg- x 1/2+ACIAIg- Ties, 100 Pack +AC0- Black+ACI-,B001E1Y5O6,Tools +ACY- Home Improvement,+ACM-7,+ACQ-5.99,+ACQ-8.12
LifeStraw Personal Water Filter,B006QF3TW4,Tools +ACY- Home Improvement,+ACM-2,+ACQ-19.86,+ACQ-19.93
SteelSeries QcK Gaming Mouse Pad (Black),B000UEZ36W,Office Products,+ACM-2,+ACQ-6.81,+ACQ-2.39
+ACI-Sharpie Permanent Markers, Fine Point, Black, 12+AC0-Pack (30001)+ACI-,B00006IFHD,Office Products,+ACM-8,+ACQ-5.45,+ACQ-5.64
+ACI-Babyganics Face, Hand +ACY- Baby Wipes, Fragrance Free, 400 Count (Contains Four 100+AC0-Count Packs)+ACI-,B0042RJR74,Office Products,+ACM-100,+ACQ-12.50,+ACQ-19.97
+ACI-Scotch Long Lasting Storage Packaging Tape, 1.88 Inches x 54.6 Yards, 4 Rolls (3650+AC0-4)+ACI-,B00007L6C1,Office Products,+ACM-10,+ACQ-9.89,+ACQ-7.00
Brother TN450 High Yield Black Toner +AC0- Retail Packaging,B003YFHCKY,Office Products,+ACM-5,+ACQ-44.67,+ACQ-44.67
+ACI-Sargent Art 22+AC0-7251 Colored Pencils, Pack of 50, Assorted Colors+ACI-,B0027PA1AU,Office Products,+ACM-1,+ACQ-13.04,+ACQ-14.95
+ACI-Prismacolor Premier Colored Pencils, Soft Core, 48 Pack+ACI-,B00006IEEV,Office Products,+ACM-3,+ACQ-28.00,+ACQ-33.99
+ACI-Scotch Heavy Duty Shipping Packaging Tape, 1.88 Inches x 800 Inches, 6 Rolls with Dispenser (142+AC0-6)+ACI-,B000J07BRQ,Office Products,+ACM-9,+ACQ-13.99,+ACQ-9.89
+ACI-Georgia+AC0-Pacific Spectrum+//0Awv/9AK4- Standard 92 Multipurpose Paper, 8.5 x 11 Inches, 1 box of 3 packs (1500 Sheets) (998606)+ACI-,B00BB5DJU6,Office Products,+ACM-1,+ACQ-14.99,+ACQ-11.99
+ACI-Kleenex Ultra Soft +ACY- Strong Facial Tissues, Medium Count Flat, 170 ct, 6 Pack+ACI-,B010OW13V8,Office Products,+ACM-13,+ACQ-12.33,+ACQ-12.95
+ACI-Cottonelle Flushable Cleansing Cloths Fresh Care Refill, 42 Count (Pack of 8)+ACI-,B00EDR6YB0,Office Products,+ACM-28,+ACQ-14.99,+ACQ-15.99
+ACI-VELCRO Brand +AC0- ONE+AC0-WRAP Cable Management, Thin Self+AC0-Gripping Cable Ties: Reusable, Light Duty +AC0- 8+ACIAIg- x 1/2+ACIAIg- Ties, 100 Pack +AC0- Black+ACI-,B001E1Y5O6,Office Products,+ACM-7,+ACQ-5.99,+ACQ-8.12
Crayola 50ct Long Colored Pencils (68+AC0-4050),B00000J0S3,Toys +ACY- Games,+ACM-11,+ACQ-13.99,+ACQ-13.99
+ACI-Bounty Select+AC0-a+AC0-Size Paper Towels, White, 12 Huge Rolls+ACI-,B019DM86LA,Office Products,+ACM-2,+ACQ-28.99,+ACQ-33.45
+ACI-Nuby Bathtime Fun Bath Toys, Octopus Hoopla, Purple+ACI-,B008CDR7LW,Toys +ACY- Games,,+ACQ-5.59,+ACQ-6.99
Rubik's Cube Game,B00I19QZX8,Toys +ACY- Games,+ACM-26,+ACQ-5.50,+ACQ-10.51
+ACI-Zuru Bunch O Balloons, 3 different colors, Fill in 60 Seconds, 100 Total Water Balloons+ACI-,B00ZPW3U14,Toys +ACY- Games,+ACM-12,+ACQ-14.99,+ACQ-15.86
Vulli Sophie la Girafe,B000IDSLOG,Toys +ACY- Games,,+ACQ-14.75,+ACQ-19.98
+ACI-Meal Prep Haven Stackable 3 Compartment Food Containers with Lids, Set of 7+ACI-,B011SY4P9I,Toys +ACY- Games,+ACM-31,+ACQ-14.95,+ACQ-14.95
Gazillion 67.6 ounces Bubble Solution,B00I4CEVZG,Toys +ACY- Games,+ACM-13,+ACQ-7.49,+ACQ-8.30
Little Tikes 2+AC0-in+AC0-1 Snug 'n Secure Swing Blue,B003621UT4,Toys +ACY- Games,+ACM-19,+ACQ-24.99,+ACQ-26.73
Hasbro Pie Face Game,B010F029Y4,Toys +ACY- Games,+ACM-7,+ACQ-17.99,+ACQ-22.75
Splendor Board Game,B00IZEUFIA,Toys +ACY- Games,+ACM-62,+ACQ-28.98,+ACQ-23.99
Jenga Classic Game,B00ABA0ZOA,Toys +ACY- Games,+ACM-4,+ACQ-8.99,+ACQ-12.00
Baby Einstein Take Along Tunes Musical Toy,B000YDDF6O,Toys +ACY- Games,+ACM-2,+ACQ-6.49,+ACQ-2.00
Star Fox Zero  Star Fox Guard +AC0- Nintendo Wii U,B00ZRZTT3W,Toys +ACY- Games,+ACM-21,+ACQ-53.95,+ACQ-54.00
+ACI-International Leisure Giant Swan, 75 inches+ACI-,B00166ES9G,Toys +ACY- Games,+ACM-2,+ACQ-23.70,+ACQ-25.26
Manhattan Toy Winkel Rattle and Sensory Teether Activity Toy,B000BNCA4K,Toys +ACY- Games,+ACM-3,+ACQ-7.59,+ACQ-7.94
Little Tikes Spiralin' Seas Waterpark Play Table,B004INDQWY,Toys +ACY- Games,+ACM-6,+ACQ-38.76,+ACQ-44.95
Ratchet +ACY- Clank +AC0- PlayStation 4,B00Z9LUDX4,Toys +ACY- Games,+ACM-11,+ACQ-37.76,+ACQ-35.97
Stabilo 8830+AC0-1 88 Point 30 Color Wallet,B00ATBRJRC,+ACI-Arts, Crafts +ACY- Sewing+ACI-,+ACM-66,+ACQ-16.12,+ACQ-16.12
+ACI-Scotch Precision Scissor, 8+AC0-Inches (1448)+ACI-,B001BKHHGS,+ACI-Arts, Crafts +ACY- Sewing+ACI-,+ACM-88,+ACQ-5.74,+ACQ-5.74
+ACI-Swingline Desktop Hole Punch, Precision Pro, 2 +AC0- 3 Holes, Adjustable Centers, 10 Sheets (74037)+ACI-,B0006HUPHU,+ACI-Arts, Crafts +ACY- Sewing+ACI-,+ACM-64,+ACQ-7.84,+ACQ-11.49
+ACI-Prismacolor Premier Verithin Colored Pencils, 36 Pack+ACI-,B000MK9YWI,+ACI-Arts, Crafts +ACY- Sewing+ACI-,+ACM-206,+ACQ-17.98,+ACQ-22.99
+ACI-Pentel Arts Aquash Water Brush Assorted Tips, Pack of 3 (FRHBFMBP3)+ACI-,B00AX31TZO,+ACI-Arts, Crafts +ACY- Sewing+ACI-,+ACM-63,+ACQ-12.50,+ACQ-12.79
LolliZ Gel Pens +AHw- 96 Gel Pen Set +AC0- 2 Packs of 48 pens each.,B00KO8UK80,+ACI-Arts, Crafts +ACY- Sewing+ACI-,+ACM-386,+ACQ-24.99,+ACQ-43.20
Melissa +ACY- Doug Habitats Reusable Sticker Pad,B004PBN9BC,+ACI-Arts, Crafts +ACY- Sewing+ACI-,+ACM-36,+ACQ-4.99,+ACQ-1.30
Strathmore Series 400 Sketch Pads 9 in. x 12 in. +AC0- pad of 100,B0027A39PY,+ACI-Arts, Crafts +ACY- Sewing+ACI-,+ACM-5,+ACQ-9.12,+ACQ-9.12
Ohuhu 48+AC0-color Colored Pencils/ Drawing Pencils for Sketch/Secret Garden Coloring Book(Not Included),B00U78NQHO,+ACI-Arts, Crafts +ACY- Sewing+ACI-,,+ACQ-14.39,+ACQ-15.99
+ACI-Sakura 30062 6+AC0-Piece Pigma Micron Ink Pen Set, Black+ACI-,B0008G8G8Y,+ACI-Arts, Crafts +ACY- Sewing+ACI-,+ACM-7,+ACQ-9.30,+ACQ-9.32
Silhouette Replacement Blade,B005S2O61E,+ACI-Arts, Crafts +ACY- Sewing+ACI-,+ACM-3,+ACQ-7.14,+ACQ-9.49
72+AC0-color Raffine Marco Fine Art Colored Pencils/ Drawing Pencils for Sketch/ Secret Garden Coloring Book (Not Included),B018I8T68W,+ACI-Arts, Crafts +ACY- Sewing+ACI-,+ACM-35,+ACQ-18.18,+ACQ-18.19
+ACI-Scotch Thermal Laminating Pouches, 8.9 x 11.4+AC0-Inches, 3 mil thick, 100+AC0-Pack (TP3854+AC0-100)+ACI-,B007VBXB48,+ACI-Arts, Crafts +ACY- Sewing+ACI-,+ACM-24,+ACQ-9.99,+ACQ-13.49
Singer 1304 Start Free Arm Sewing Machine with 6 Built+AC0-In Stitches,B00VV4ZWBQ,+ACI-Arts, Crafts +ACY- Sewing+ACI-,+ACM-23,+ACQ-59.99,+ACQ-75.00
+ACI-Prismacolor Premier Colored Pencils, Soft Core, 24 Pack+ACI-,B00006IEEU,+ACI-Arts, Crafts +ACY- Sewing+ACI-,+ACM-6,+ACQ-16.00,+ACQ-21.46
+ACI-Cricut 2001974 Adhesive Cutting Mat, Standard Grip, 12 x 12+AC0-Inch, Pack of 2+ACI-,B00BSK750Y,+ACI-Arts, Crafts +ACY- Sewing+ACI-,+ACM-4,+ACQ-7.19,+ACQ-12.68
LolliZ Gel Pens 48 Gel Pen Tray Set,B00CRQL8OW,+ACI-Arts, Crafts +ACY- Sewing+ACI-,+ACM-2,+ACQ-10.99,+ACQ-12.99
+ACI-Sargent Art 22+AC0-7251 Colored Pencils, Pack of 50, Assorted Colors+ACI-,B0027PA1AU,+ACI-Arts, Crafts +ACY- Sewing+ACI-,+ACM-1,+ACQ-13.04,+ACQ-14.95
+ACI-Prismacolor Premier Colored Pencils, Soft Core, 48 Pack+ACI-,B00006IEEV,+ACI-Arts, Crafts +ACY- Sewing+ACI-,+ACM-3,+ACQ-28.00,+ACQ-33.99
Camco 40043 TastePURE Water Filter with Flexible Hose Protector,B0006IX87S,+ACI-Patio, Lawn +ACY- Garden+ACI-,+ACM-4,+ACQ-16.19,+ACQ-22.79
Fiskars Deluxe Stand+AC0-up Weeder (4+AC0-claw),B0030MIHAU,+ACI-Patio, Lawn +ACY- Garden+ACI-,+ACM-65,+ACQ-43.12,+ACQ-54.46
Sawyer Products Premium Insect Repellent with 20+ACU- Picaridin,B0015KG5NK,+ACI-Patio, Lawn +ACY- Garden+ACI-,+ACM-1,+ACQ-8.96,+ACQ-8.97
+ACI-Repel 100 Insect Repellent, 4 oz. Pump Spray, Single Bottle+ACI-,B004H89KFC,+ACI-Patio, Lawn +ACY- Garden+ACI-,+ACM-16,+ACQ-8.97,+ACQ-9.99
Weber 7416 Rapidfire Chimney Starter,B000WEOQV8,+ACI-Patio, Lawn +ACY- Garden+ACI-,+ACM-14,+ACQ-14.99,+ACQ-19.94
+ACI-Repel Lemon Eucalyptus Natural Insect Repellent, 4+AC0-Ounce Pump Spray+ACI-,B004N59OFU,+ACI-Patio, Lawn +ACY- Garden+ACI-,+ACM-6,+ACQ-4.97,+ACQ-7.91
+ACI-Sun Joe SPX3000 2030 PSI 1.76 GPM Electric Pressure Washer, 14.5+AC0-Amp+ACI-,B00CPGMUXW,+ACI-Patio, Lawn +ACY- Garden+ACI-,+ACM-25,+ACQ-149.98,+ACQ-170.58
+ACI-DC America UBP18181+AC0-BR 18+AC0-Inch Cast Stone Umbrella Base, Made from Rust Free Composite Materials, Bronze Powder Coated Finish+ACI-,B0025VP5J8,+ACI-Patio, Lawn +ACY- Garden+ACI-,+ACM-17,+ACQ-30.85,+ACQ-29.75
Summit 20+AC0-Pack Mosquito Dunk,B0002568YA,+ACI-Patio, Lawn +ACY- Garden+ACI-,+ACM-13,+ACQ-18.00,+ACQ-19.99
Diatomaceous Earth Food Grade 10 Lb,B00025H2PY,+ACI-Patio, Lawn +ACY- Garden+ACI-,+ACM-10,+ACQ-18.79,+ACQ-21.39
Weber 6494 12+AC0-Inch 3+AC0-Sided Grill Brush,B009IH0BYQ,+ACI-Patio, Lawn +ACY- Garden+ACI-,+ACM-20,+ACQ-7.99,+ACQ-11.88
METAL BODY Garden Hose Splitter  10 Rubber Hose Washers +AHw- Arthritis Friendly Hose to Hose Connector. Lifetime Guarantee included. Enjoy+ACE-,B019MS0HK8,+ACI-Patio, Lawn +ACY- Garden+ACI-,+ACM-18,+ACQ-14.97,+ACQ-24.99
Gorilla Tape To+AC0-Go,B001E5ZWT4,+ACI-Patio, Lawn +ACY- Garden+ACI-,+ACM-11,+ACQ-2.97,+ACQ-5.64
Orbit 62061N+AC0-91213 Single+AC0-Dial Water Timer,B004INGS8S,+ACI-Patio, Lawn +ACY- Garden+ACI-,+ACM-12,+ACQ-27.68,+ACQ-28.78
+ACI-Weber 6415 Small 7+AC0-1/2+AC0-Inch+AC0-by+AC0-5+AC0-inch Aluminum Drip Pans, Set of 10+ACI-,B000WEKLTE,+ACI-Patio, Lawn +ACY- Garden+ACI-,+ACM-19,+ACQ-5.99,+ACQ-8.24
Advion Syngenta Cockroach Gel Bait 1 Box(4 Tubes),B002Y2GNVM,+ACI-Patio, Lawn +ACY- Garden+ACI-,+ACM-1,+ACQ-19.99,+ACQ-19.99
+ACI-International Leisure Giant Swan, 75 inches+ACI-,B00166ES9G,+ACI-Patio, Lawn +ACY- Garden+ACI-,+ACM-2,+ACQ-23.70,+ACQ-25.26
+ACI-BLACK+DECKEf/9- AF+AC0-100+AC0-3ZP 30+AC0-Feet 0.065+AC0-Inch Line String Trimmer Replacement Spool, 3+AC0-Pack+ACI-,B00004R9TL,+ACI-Patio, Lawn +ACY- Garden+ACI-,+ACM-7,+ACQ-14.99,+ACQ-19.97
Chapin 20000 1+AC0-Gallon Poly Lawn and Garden Sprayer,B000E28UQU,+ACI-Patio, Lawn +ACY- Garden+ACI-,+ACM-3,+ACQ-14.37,+ACQ-14.37
Nutramax Cosequin DS PLUS MSM Chewable Tablets,B003ULL1NQ,Pet Supplies,+ACM-14,+ACQ-32.79,+ACQ-34.95
Zuke's Mini Naturals Healthy Moist Training Treats,B000H0ZJHW,Pet Supplies,+ACM-24,+ACQ-8.79,+ACQ-12.49
Purina Fortiflora Canine Nutritional Supplement Box,B001650NNW,Pet Supplies,+ACM-10,+ACQ-20.67,+ACQ-21.99
+ACI-Merial Frontline Plus Flea and Tick Control for 45 to 88+AC0-Pound Dogs and Puppies, 3+AC0-Doses+ACI-,B0002J1FOE,Pet Supplies,+ACM-13,+ACQ-36.99,+ACQ-35.00
+ACI-Regalo Easy Step Walk Thru Gate, White, Fits spaces between 29+ACIAIg- and 39+ACIAIg- Wide+ACI-,B001OC5UMQ,Pet Supplies,,+ACQ-32.00,+ACQ-29.99
GREENIES Dental Dog Treats and Dog Chews,B006W6YHRS,Pet Supplies,+ACM-12,+ACQ-21.39,+ACQ-32.90
+ACI-Merial Frontline Plus Flea and Tick Control for 5+AC0-22 Pound Dogs and Puppies, 3+AC0-dose+ACI-,B00008DFGY,Pet Supplies,+ACM-11,+ACQ-34.99,+ACQ-37.79
+ACI-Fancy Feast Gravy Lovers, 3+AC0-Ounce Cans, Pack of 24+ACI-,B005OB3E30,Pet Supplies,+ACM-8,+ACQ-11.99,+ACQ-11.99
+ACI-All+AC0-Absorb Training Pads,22+AC0-inch By 23+AC0-inch+ACI-,B00EI673B6,Pet Supplies,+ACM-7,+ACQ-19.99,+ACQ-20.00
GREENIES PILL POCKETS Treats for Dogs Chicken Flavor +AC0- Capsule Size Value Size 15.8 oz. 60 Count,B00HQM0UMS,Pet Supplies,+ACM-4,+ACQ-10.39,+ACQ-14.58
Taste of the Wild Dry Dog Food,B000W5SLB8,Pet Supplies,+ACM-2,+ACQ-44.89,+ACQ-50.79
Bayer Seresto Flea and Tick Collar,B00B8CG602,Pet Supplies,+ACM-3,+ACQ-44.98,+ACQ-44.99
Precious Cat Ultra Premium Clumping Cat Litter,B0009X29WK,Pet Supplies,+ACM-1,+ACQ-15.99,+ACQ-28.28
BISSELL 9595A Vacuum with OnePass,B00AZBIZTW,Appliances,+ACM-34,+ACQ-79.00,+ACQ-102.70
+ACI-GermGuardian AC4825, 3+AC0-in+AC0-1 Air Cleaning System with True HEPA, UV+AC0-C and Odor Reduction, 22+AC0-Inch+ACI-,B004VGIGVY,Appliances,+ACM-96,+ACQ-99.99,+ACQ-100.07
Everyday 6+AC0-Pack Replacement Charcoal Water Filters for Keurig Coffee Machines,B008O7Z1F0,Appliances,+ACM-19,+ACQ-4.99,+ACQ-5.67
Dirt Devil SD20000RED Simpli+AC0-Stik Lightweight Bagless Stick Vacuum +AC0- Corded,B002KCO96C,Appliances,+ACM-10,+ACQ-14.99,+ACQ-23.43
+ACI-BlenderBottle Classic Loop Top Shaker Bottle, Clear Black, 28 Ounce+ACI-,B00MVMCUK8,Appliances,+ACM-16,+ACQ-7.99,+ACQ-8.99
+ACI-Instant Pot IP+AC0-DUO60 7+AC0-in+AC0-1 Multi+AC0-Functional Pressure Cooker, 6Qt/1000W+ACI-,B00FLYWNYQ,Appliances,+ACM-9,+ACQ-114.86,+ACQ-129.95
+ACI-SPT SF+AC0-1691C DC+AC0-Motor Drop Ceiling Fan, 16+ACIAIg-+ACI-,B00V6SADWA,Appliances,+ACI-+ACM-159,172+ACI-,+ACQ-135.99,+ACQ-147.50
SPT SF+AC0-3314MD Energy Saving DC+AC0-Motor Indoor Misting Fan with Ultrasonic Humidifier,B00CX5YYWK,Appliances,+ACI-+ACM-144,787+ACI-,+ACQ-87.99,+ACQ-119.95
Honeywell w/ Febreze Mini Tower Fan,B0093CPMI6,Appliances,+ACI-+ACM-36,493+ACI-,+ACQ-25.49,+ACQ-29.99
SPT 14+AC0-Inch DC+AC0-Motor Stand Fan,B007SYOFVQ,Appliances,+ACI-+ACM-135,817+ACI-,+ACQ-68.18,+ACQ-64.45
SPT SF+AC0-0703 7+AC0-Inch Silent Electric Table Fan with Ionizer,B000JD5VDE,Appliances,+ACI-+ACM-34,009+ACI-,+ACQ-24.48,+ACQ-26.17
+ACI-Honeywell QuietSet 16+ACIAIg- Stand Fan +AC0- White+ACI-,B007I5C33W,Appliances,+ACI-+ACM-38,690+ACI-,+ACQ-50.99,+ACQ-57.17
+ACI-Chillout 2+AC0-Speed Personal Fan, GF+AC0-55+ACI-,B004J6B08C,Appliances,+ACI-+ACM-32,992+ACI-,+ACQ-16.69,+ACQ-16.70
General Electric MWF Refrigerator Water Filter,B000AST3AK,Appliances,+ACM-3,+ACQ-41.99,+ACQ-42.01
+ACI-KitchenIQ 50009 Edge Grip 2 Stage Knife Sharpener, Black+ACI-,B001CQTLJM,Appliances,+ACM-11,+ACQ-5.72,+ACQ-5.72
+ACI-Anova Bluetooth and WiFi Precision Cooker, Black+ACI-,B01761T6V4,Appliances,+ACM-50,+ACQ-169.00,+ACQ-241.96
AcuRite 00613A1 Indoor Humidity Monitor,B0013BKDO8,Appliances,+ACM-12,+ACQ-11.61,+ACQ-11.62
+ACI-Affresh Washer Machine Cleaner, 6+AC0-Tablets, 8.4 oz+ACI-,B00C91Q86I,Appliances,+ACM-2,+ACQ-10.79,+ACQ-10.68
Honeywell HT+AC0-900 TurboForce Fan,B001R1RXUG,Appliances,+ACM-9,+ACQ-13.94,+ACQ-19.76
+ACI-InterDesign Refrigerator, Freezer and Kitchen Storage Organizer Bins, 4 Piece Set +AC0- Clear+ACI-,B0190U4T1Q,Appliances,+ACM-454,+ACQ-29.99,+ACQ-35.22
BLACK  DECKER CHV1410L 16 volt Lithium Cordless Dust Buster Hand Vac,B006LXOJC0,Appliances,+ACM-7,+ACQ-51.99,+ACQ-59.99
+ACI-iPower GLROPE Pair of 1/8+ACIAIg- Heavy Duty Adjustable Grow Light Rope Clip Hanger w/Improved Metal Internal Gears,8+AC0-Feet Long(LONGEST EVER),150lb Capacity,Fully Locking+ADs-Tear+ACY-Rust Resistant+ACI-,B005CY100I,Musical Instruments,+ACM-129,+ACQ-3.99,+ACQ-5.99
+ACI-Belkin Audio Y Cable Splitter 1+AC0-Mini Plug, 2+AC0-RCA Plugs (6 feet)+ACI-,B00004Z5CP,Musical Instruments,+ACM-1,+ACQ-1.89,+ACQ-2.55
Audio+AC0-Technica ATH+AC0-M50x Professional Studio Monitor Headphones,B00HVLUR86,Musical Instruments,+ACM-6,+ACQ-117.40,+ACQ-120.00
+ACI-On Stage XCG4 Black Tripod Guitar Stand, Single Stand+ACI-,B0006NDF8A,Musical Instruments,+ACM-7,+ACQ-12.95,+ACQ-12.95
Bluetooth Headphones COULAX CX04 Bluetooth Neckband Headset Wireless Sweatproof In+AC0-ear Sports Running Earbuds+AC0-Built in Mic with Noise Cancellation for iPhone 6s Samsung S6 and Android(Black),B01AXG7A3K,Musical Instruments,+ACM-75,+ACQ-24.99,+ACQ-29.99
NEEWER Microphone Suspension Boom Scissor Arm Stand,B00DY1F2CS,Musical Instruments,+ACM-4,+ACQ-13.50,+ACQ-13.50
Sabrent USB External Stereo Sound Adapter for Windows and Mac. Plug and play No drivers Needed. (AU+AC0-MMSA),B00IRVQ0F8,Musical Instruments,+ACM-1,+ACQ-5.99,+ACQ-5.99
+ACI-D'Addario Assorted Pearl Celluloid Guitar Picks, 10 Pack, Medium+ACI-,B001PGXHXA,Musical Instruments,+ACM-3,+ACQ-1.94,+ACQ-3.49
Dragonpad pop filter Studio Microphone Mic Wind Screen Pop Filter Swivel Mount 360 Flexible Gooseneck Holder,B008AOH1O6,Musical Instruments,+ACM-2,+ACQ-5.20,+ACQ-5.20
+ACI-Snark SN+AC0-5 Tuner for Guitar, Bass and Violin+ACI-,B004XNK7AI,Musical Instruments,+ACM-1,+ACQ-7.97,+ACQ-9.87
+ACI-iXCC 3+AC0-Ft Tangle+AC0-Free Male to Male 3.5mm Auxiliary Cable with Gold Plated Connectors for Apple, Android Smartphones, Tablet and MP3 Players +AC0- Standard Packaging+ACI-,B00KWR8ME2,Musical Instruments,+ACM-1,+ACQ-4.79,+ACQ-4.99
+ACI-Scotch Precision Ultra Edge Scissors, 8 Inch, 3+AC0-Pack (1458+AC0-3AMZ)+ACI-,B005P58CYG,+ACI-Arts, Crafts +ACY- Sewing+ACI-,+ACM-14,+ACQ-12.99,+ACQ-14.93
Art Alternatives Canvas Panel (8 X 10) PACK OF 12,B00251EVPW,+ACI-Arts, Crafts +ACY- Sewing+ACI-,+ACM-80,+ACQ-12.79,+ACQ-12.79
LifeStraw Personal Water Filter,B006QF3TW4,Sports +ACY- Outdoors,+ACM-1,+ACQ-19.86,+ACQ-19.93
+ACI-Fitbit Charge HR Wireless Activity Wristband, Black, Large+ACI-,B00N2BW2PK,Sports +ACY- Outdoors,+ACM-12,+ACQ-123.37,+ACQ-128.87
Sawyer Products Premium Permethrin Clothing Insect Repellent Trigger Spray,B001ANQVYU,+ACI-Patio, Lawn +ACY- Garden+ACI-,+ACM-3,+ACQ-14.39,+ACQ-17.14
ScoopFree Litter Tray Refills +AC0- 3+AC0-Pack,B000FEF10A,Pet Supplies,+ACM-28,+ACQ-44.99,+ACQ-49.49
Bayer Advantage II Flea Control Treatment for Cats,B004QBDO0M,Pet Supplies,+ACM-7,+ACQ-47.69,+ACQ-56.89
+ACI-Samsung Da29+AC0-00020b Refrigerator Water Filter, 1+AC0-pack+ACI-,B003N1ZSYG,Appliances,+ACM-10,+ACQ-39.99,+ACQ-43.86
Sennheiser HD 202 II Professional Headphones (Black),B003LPTAYI,Musical Instruments,+ACM-1,+ACQ-19.95,+ACQ-21.34
+ACI-Fitbit Charge Wireless Activity Wristband, Black, Large+ACI-,B00N2BVOUE,Sports +ACY- Outdoors,+ACM-83,+ACQ-92.99,+ACQ-99.93
LifeStraw Personal Water Filter,B006QF3TW4,All Electronics,+ACM-1,+ACQ-19.86,+ACQ-19.93
+ACI-SanDisk Ultra 32GB microSDHC UHS+AC0-I Card with Adapter, Grey/Red, Standard Packaging (SDSQUNC+AC0-032G+AC0-GN6MA)+ACI-,B010Q57T02,All Electronics,+ACM-3,+ACQ-11.74,+ACQ-12.35
Fujifilm INSTAX Mini Instant Film Twin Pack (White),B00EB4ADQW,All Electronics,+ACM-1,+ACQ-12.48,+ACQ-7.98
+ACI-Fitbit Blaze Smart Fitness Watch, Black, Silver, Large+ACI-,B019VM3CPW,All Electronics,+ACM-100,+ACQ-196.82,+ACQ-199.95
Apple EarPods with Remote and Mic,B0097BEG1C,All Electronics,+ACM-3,+ACQ-10.30,+ACQ-10.31
+ACI-Quest Nutrition Protein Bar, Chocolate Chip Cookie Dough, 21g Protein, 2.1oz Bar, 12 Count+ACI-,B00DLDH1N2,All Electronics,+ACM-24,+ACQ-24.49,+ACQ-24.49
Samsung 850 EVO 250GB 2.5+AC0-Inch SATA III Internal SSD (MZ+AC0-75E250B/AM),B00OAJ412U,All Electronics,+ACM-2,+ACQ-85.49,+ACQ-85.99
+ACI-Fitbit Flex Wireless Activity  Sleep Wristband, Black+ACI-,B00BGO0Q9O,All Electronics,+ACM-51,+ACQ-77.98,+ACQ-79.00
+ACI-SanDisk Ultra 64GB microSDXC UHS+AC0-I Card with Adapter, Grey/Red, Standard Packaging (SDSQUNC+AC0-064G+AC0-GN6MA)+ACI-,B010Q588D4,All Electronics,+ACM-1,+ACQ-13.48,+ACQ-11.00
+ACI-Western Digital 1TB My Passport Ultra USB 3.0 Secure Portable External Hard Drive, Black (WDBGPU0010BBK+AC0-NESN)+ACI-,B00W8XXRPM,All Electronics,+ACM-1,+ACQ-57.50,+ACQ-59.00
+ACI-Fitbit Alta Fitness Tracker, Silver/Black, Small+ACI-,B01B25PKB0,All Electronics,+ACM-38,+ACQ-129.00,+ACQ-129.95
Samsung 850 EVO 500GB 2.5+AC0-Inch SATA III Internal SSD (MZ+AC0-75E500B/AM),B00OBRE5UE,All Electronics,+ACM-1,+ACQ-142.99,+ACQ-142.99
+ACI-Fitbit Charge HR Wireless Activity Wristband, Black, Large+ACI-,B00N2BW2PK,All Electronics,+ACM-12,+ACQ-123.37,+ACQ-128.87
PlayStation 4 500GB Console +AC0- Call of Duty Black Ops III Bundle,B018V3ISJ2,All Electronics,+ACM-22,+ACQ-328.39,+ACQ-323.98
+ACI-Fitbit Charge HR Wireless Activity Wristband, Plum, Large+ACI-,B00N2BW9BW,All Electronics,+ACM-58,+ACQ-121.49,+ACQ-121.49
Microsoft Xbox LIVE 12 Month Gold Membership,B00EQNP8F4,Gift Cards,+ACM-56,+ACQ-48.46,+ACQ-48.46
SanDisk 32 GB micro SD Memory Card for All+AC0-New Fire Tablets and All+AC0-New Fire TV,B013TMNKAW,Amazon Devices,+ACM-1,+ACQ-8.70,+ACQ-11.87
+ACI-GermGuardian AC4825, 3+AC0-in+AC0-1 Air Cleaning System with True HEPA, UV+AC0-C and Odor Reduction, 22+AC0-Inch+ACI-,B004VGIGVY,Appliances,+ACM-111,+ACQ-99.99,+ACQ-100.07
Arm +ACY- Hammer Double Duty Clumping Litter,B004U8Z436,Pet Supplies,+ACM-19,+ACQ-13.59,+ACQ-23.92
Sawyer Products Premium Insect Repellent with 20+ACU- Picaridin,B0015KG5NK,+ACI-Patio, Lawn +ACY- Garden+ACI-,+ACM-2,+ACQ-8.96,+ACQ-8.97
+ACI-Swingline Desktop Hole Punch, Precision Pro, 2 +AC0- 3 Holes, Adjustable Centers, 10 Sheets (74037)+ACI-,B0006HUPHU,+ACI-Arts, Crafts +ACY- Sewing+ACI-,+ACM-65,+ACQ-7.84,+ACQ-11.49
SPT 14+AC0-Inch DC+AC0-Motor Stand Fan,B007SYOFVQ,Tools +ACY- Home Improvement,+ACI-+ACM-147,627+ACI-,+ACQ-68.18,+ACQ-64.45
AmazonBasics Mini Bluetooth Speaker +AC0- Black,B00GUTY3DK,Automotive,+ACM-57,+ACQ-22.49,+ACQ-24.99
LifeStraw Personal Water Filter,B006QF3TW4,Sports +ACY- Outdoors,+ACM-1,+ACQ-19.86,+ACQ-19.93
ZAC Zac Posen Iconic Small Double Convertible Top Handle Bag,B0195Y36KC,,+ACI-+ACM-576,836+ACI-,+ACQ-525.00,+ACQ-525.00
+ACI-Fitbit Flex Wireless Activity  Sleep Wristband, Black+ACI-,B00BGO0Q9O,Cell Phones +ACY- Accessories,+ACM-51,+ACQ-77.98,+ACQ-79.00
+ACI-iClever BoostCube 4.8A 24W Dual USB Travel Wall Charger with SmartID Technology, Foldable Plug for iPhone iPad, Samsung Galaxy, HTC Nexus Moto Blackberry, Bluetooth Speaker Headset +ACY- Power Bank, White+ACI-,B00QTE09SY,Cell Phones +ACY- Accessories,+ACM-10,+ACQ-10.99,+ACQ-10.99
+ACI-iPhone 6S Screen Protector, amFilm iPhone 6S Tempered Glass Screen Protector for Apple iPhone 6, iPhone 6S 2015 (2+AC0-Pack)+ACI-,B01415QHYW,Cell Phones +ACY- Accessories,+ACM-11,+ACQ-7.99,+ACQ-3.00
+ACI-Panasonic ErgoFit In+AC0-Ear Earbud Headphones RP+AC0-HJE120+AC0-K (Black) Dynamic Crystal Clear Sound, Ergonomic Comfort+AC0-Fit+ACI-,B003EM8008,Cell Phones +ACY- Accessories,+ACM-1,+ACQ-7.63,+ACQ-7.63
+ACI-SanDisk Ultra 64GB microSDXC UHS+AC0-I Card with Adapter, Grey/Red, Standard Packaging (SDSQUNC+AC0-064G+AC0-GN6MA)+ACI-,B010Q588D4,Cell Phones +ACY- Accessories,+ACM-1,+ACQ-13.48,+ACQ-11.00
Samsung 32GB EVO Class 10 Micro SDHC Card with Adapter up to 48MB/s (MB+AC0-MP32DA/AM),B00IVPU786,Cell Phones +ACY- Accessories,+ACM-2,+ACQ-9.84,+ACQ-9.84
+ACI-SanDisk Ultra 32GB microSDHC UHS+AC0-I Card with Adapter, Grey/Red, Standard Packaging (SDSQUNC+AC0-032G+AC0-GN6MA)+ACI-,B010Q57T02,Cell Phones +ACY- Accessories,+ACM-3,+ACQ-11.74,+ACQ-12.35
